"ID"|"n_species"|"n_ecosystems"|"autoconsumption"|"n_preparations"|"n_Agr_pract"|"region"|"headsex"|"elcsa_cat"|"edu"|"assistance"|"nonaginc"|"hhsize"|"headage"|"numchildren"|"age"|"num_emp"|"area"|"ch"|"ced"|"l_fields"|"m_fields"|"cd_field"|"cd_garden"|"cd_tree"|"cd_gardentree"|"clust"
"1008"|1|1|1|2|1|"Huánuco-Quisqui"|FALSE|"1"|"4"|FALSE|FALSE|4|65|0|19|1|3|0|0|1|1|3|1|4|6|"1"
"1021"|1|1|1|2|1|"Huánuco-Quisqui"|FALSE|"3"|"4"|FALSE|FALSE|7|52|0|19|1|2|0|0|1|1|2|0|0|0|"1"
"1031"|2|2|2|3|1|"Huánuco-Quisqui"|FALSE|"2"|"0"|FALSE|TRUE|5|50|0|49|2|0.1471|120|37.200001|1|1|1|7|1|8|"2"
"1049"|2|1|2|1|1|"Huánuco-Quisqui"|FALSE|"1"|"2"|FALSE|TRUE|5|45|0|42|2|2.0594001|3042|385.95001|2|2|2|9|0|9|"2"
"1052"|6|1|5|3|1|"Huánuco-Quisqui"|TRUE|"1"|"1"|FALSE|FALSE|2|49|1|49|1|2|750|0|2|1|1|9|0|9|"3"
"1055"|3|2|3|2|1|"Huánuco-Quisqui"|FALSE|"2"|"3"|TRUE|TRUE|4|41|1|37|2|1|250|31|2|1|1|7|6|13|"1"
"1058"|2|1|2|1|1|"Huánuco-Quisqui"|FALSE|"1"|"1"|FALSE|TRUE|9|46|0|30|3|5.2941999|10|0|2|2|1|0|0|0|"1"
"1066"|3|1|3|1|2|"Huánuco-Quisqui"|FALSE|"0"|"3"|TRUE|TRUE|9|64|1|27|1|0|0|0|1|1|0|9|0|9|"1"
"1067"|2|1|2|1|1|"Huánuco-Quisqui"|FALSE|"1"|"1"|FALSE|FALSE|3|39|0|39|2|2.0594001|1050|0|3|3|3|8|0|8|"2"
"1068"|4|2|4|3|2|"Huánuco-Quisqui"|FALSE|"0"|"0"|FALSE|FALSE|4|40|0|31|1|1.1768|575|0|2|1|2|0|4|4|"2"
"1070"|1|1|1|2|1|"Huánuco-Quisqui"|TRUE|"1"|"4"|FALSE|TRUE|7|41|0|41|1|0.055|420|15.5|2|2|3|0|2|2|"1"
"1071"|1|1|1|1|1|"Huánuco-Quisqui"|TRUE|"0"|"0"|FALSE|TRUE|6|44|2|44|3|0.30000001|0|0|1|1|0|0|6|6|"3"
"1073"|1|1|1|1|1|"Huánuco-Quisqui"|FALSE|"1"|"4"|FALSE|FALSE|3|53|1|35|1|0.58840001|0|0|2|1|1|0|4|4|"1"
"1117"|4|2|4|3|4|"Huánuco-Quisqui"|FALSE|"1"|"4"|FALSE|TRUE|10|57|0|19|2|2|4250|697.5|1|1|4|0|4|4|"1"
"1122"|1|1|1|2|1|"Huánuco-Quisqui"|FALSE|"1"|"4"|FALSE|FALSE|2|22|0|27|1|0.2942|0|0|1|1|0|0|2|2|"1"
"1124"|5|2|5|3|1|"Huánuco-Quisqui"|FALSE|"1"|"3"|FALSE|FALSE|3|58|0|46|2|2|1250|179.8|1|1|3|6|3|11|"2"
"1125"|7|3|7|2|1|"Huánuco-Quisqui"|FALSE|"1"|"0"|FALSE|FALSE|4|66|0|46|1|0.3242|975|0|2|2|2|4|5|9|"2"
"1126"|11|4|11|6|3|"Huánuco-Quisqui"|FALSE|"1"|"0"|TRUE|TRUE|3|40|0|43|1|0.375|1800|465|2|2|3|3|1|4|"2"
"1127"|5|2|5|2|1|"Huánuco-Quisqui"|FALSE|"1"|"2"|FALSE|FALSE|4|35|0|33|1|1.5|2300|139.50002|2|2|1|0|0|0|"2"
"1128"|4|1|4|2|1|"Huánuco-Quisqui"|FALSE|"1"|"2"|FALSE|FALSE|5|46|1|40|1|4|8980|387.965|2|1|8|0|0|0|"2"
"1131"|1|1|1|1|1|"Huánuco-Quisqui"|TRUE|"3"|"1"|FALSE|TRUE|3|49|0|49|2|0.58840001|0|0|1|1|0|11|2|15|"3"
"1132"|2|1|2|1|1|"Huánuco-Quisqui"|FALSE|"2"|"3"|FALSE|FALSE|4|49|0|36|1|1.7652|1160|297.60001|2|2|5|6|5|11|"2"
"1136"|4|3|4|2|3|"Huánuco-Quisqui"|FALSE|"1"|"1"|TRUE|TRUE|4|52|0|42|2|2.25|1020|81.375|4|4|3|11|6|17|"2"
"1141"|3|1|3|1|1|"Huánuco-Quisqui"|TRUE|"2"|"3"|FALSE|TRUE|3|26|0|26|2|0.0049999999|100|0|1|1|1|4|0|4|"1"
"1142"|6|3|6|2|1|"Huánuco-Quisqui"|FALSE|"1"|"4"|FALSE|TRUE|8|53|2|47|1|0|0|0|1|1|0|11|5|16|"1"
"1143"|7|2|7|2|1|"Huánuco-Quisqui"|FALSE|"0"|"4"|FALSE|FALSE|6|50|1|36|2|2.1768|0|0|3|1|1|15|6|25|"1"
"1145"|4|1|4|1|1|"Huánuco-Quisqui"|FALSE|"1"|"4"|TRUE|FALSE|3|52|1|23|1|0.58840001|975|17.4375|2|2|1|0|2|2|"1"
"1149"|2|1|2|2|1|"Huánuco-Quisqui"|FALSE|"0"|"1"|TRUE|TRUE|2|28|0|40|2|1.471|0|0|2|2|0|8|5|13|"1"
"1150"|2|2|2|3|1|"Huánuco-Quisqui"|FALSE|"1"|"1"|FALSE|FALSE|5|58|0|43|3|1.5|590|93|2|2|4|0|2|2|"2"
"1151"|2|2|2|1|1|"Huánuco-Quisqui"|FALSE|"1"|"4"|FALSE|TRUE|5|50|0|21|2|6|1325|100.75|1|1|3|7|0|7|"1"
"1154"|2|2|2|1|1|"Huánuco-Quisqui"|FALSE|"1"|"2"|FALSE|FALSE|7|35|2|25|1|1.1471|250|0|2|2|1|8|4|12|"2"
"1156"|5|2|5|1|1|"Huánuco-Quisqui"|FALSE|"1"|"2"|FALSE|FALSE|7|54|0|22|1|0.58840001|810|0|2|2|4|13|0|13|"2"
"1157"|5|3|5|2|1|"Huánuco-Quisqui"|FALSE|"1"|"4"|TRUE|FALSE|5|30|2|26|3|1.8826001|13250|1705|3|3|2|7|1|9|"2"
"1160"|2|3|2|1|3|"Huánuco-Quisqui"|FALSE|"1"|"4"|FALSE|FALSE|7|45|1|20|1|0.1471|0|0|1|1|0|10|0|10|"2"
"1166"|3|5|3|3|1|"Huánuco-Quisqui"|FALSE|"1"|"1"|FALSE|TRUE|5|40|1|34|2|0.0625|70|27.9|1|1|3|3|0|3|"1"
"1170"|6|2|6|3|1|"Huánuco-Quisqui"|FALSE|"1"|"0"|FALSE|FALSE|4|39|0|37|2|1|2025|186|1|1|3|0|1|1|"2"
"1171"|3|2|3|1|2|"Huánuco-Quisqui"|TRUE|"1"|"3"|TRUE|FALSE|4|25|1|25|2|3.7355001|2860|204.60001|5|4|3|7|4|11|"3"
"1172"|10|3|10|3|2|"Huánuco-Quisqui"|FALSE|"2"|"0"|FALSE|TRUE|5|48|0|46|2|0|0|0|1|1|0|7|0|7|"2"
"1175"|7|4|7|2|1|"Huánuco-Quisqui"|FALSE|"0"|"1"|FALSE|FALSE|3|49|0|48|2|3.0599999|3500|930|2|2|1|6|1|7|"2"
"1176"|1|1|1|1|1|"Huánuco-Quisqui"|FALSE|"1"|"3"|FALSE|FALSE|3|27|1|26|2|0.58840001|3000|188.325|2|2|1|0|1|1|"2"
"1178"|1|1|1|2|1|"Huánuco-Quisqui"|FALSE|"2"|"3"|FALSE|FALSE|4|30|0|19|1|0.58840001|345|2.325|2|1|3|4|1|5|"2"
"1179"|5|1|5|1|2|"Huánuco-Quisqui"|FALSE|"0"|"3"|FALSE|FALSE|5|40|0|40|1|1.4413|2760|706.79999|2|2|4|0|1|1|"2"
"1183"|5|1|5|1|1|"Huánuco-Quisqui"|TRUE|"1"|"1"|TRUE|FALSE|4|33|0|33|1|0.2942|1500|248|1|1|1|3|0|3|"3"
"1185"|5|2|5|2|1|"Huánuco-Quisqui"|FALSE|"1"|"1"|FALSE|FALSE|4|53|0|45|1|1.7652|255|0|2|2|4|14|2|16|"2"
"1201"|5|2|5|2|1|"Huánuco-Quisqui"|FALSE|"2"|"1"|FALSE|FALSE|7|44|1|41|1|0.88260001|1225|496|1|1|4|14|1|15|"2"
"1203"|4|1|4|2|1|"Huánuco-Quisqui"|FALSE|"2"|"0"|FALSE|FALSE|5|53|0|44|1|2.3536|200|0|3|2|1|6|0|8|"2"
"1206"|3|4|3|2|1|"Huánuco-Quisqui"|FALSE|"1"|"2"|FALSE|TRUE|5|66|0|47|1|0.5|235|0|1|1|3|0|1|1|"2"
"1207"|4|2|4|1|1|"Huánuco-Quisqui"|FALSE|"2"|"2"|FALSE|FALSE|4|25|2|22|1|0.88260001|2435|465|3|3|4|6|0|6|"3"
"1209"|9|3|9|3|2|"Huánuco-Quisqui"|FALSE|"1"|"1"|FALSE|TRUE|5|40|0|37|3|0.4413|480|12.4|2|2|2|10|1|17|"2"
"1210"|7|2|7|2|1|"Huánuco-Quisqui"|FALSE|"1"|"1"|FALSE|FALSE|8|54|2|48|1|1.07355|2260|174.375|2|2|4|6|3|10|"2"
"1211"|5|2|5|3|1|"Huánuco-Quisqui"|FALSE|"0"|"1"|FALSE|FALSE|4|27|0|24|2|2.2941999|3970|465|2|2|3|6|0|6|"2"
"1214"|4|3|4|2|1|"Huánuco-Quisqui"|FALSE|"1"|"1"|TRUE|FALSE|5|47|0|45|4|0.5442|2470|93|3|3|3|10|0|10|"2"
"1218"|3|3|3|4|1|"Huánuco-Quisqui"|TRUE|"1"|"1"|FALSE|FALSE|5|37|2|37|1|0.2942|200|31|1|1|1|4|0|4|"3"
"1219"|4|5|4|1|1|"Huánuco-Quisqui"|FALSE|"2"|"3"|FALSE|FALSE|9|52|0|28|1|0.75|2250|104.625|2|1|1|0|2|2|"2"
"1221"|1|3|1|1|1|"Huánuco-Quisqui"|FALSE|"0"|"4"|FALSE|TRUE|3|29|1|23|2|0.125|4500|581.25|1|1|1|0|0|0|"1"
"1223"|3|5|3|5|1|"Huánuco-Quisqui"|FALSE|"1"|"3"|FALSE|FALSE|5|58|1|19|1|2.2941999|9175|678.90002|3|3|3|5|1|6|"3"
"1224"|2|2|2|3|1|"Huánuco-Quisqui"|FALSE|"1"|"1"|TRUE|FALSE|5|40|1|38|1|0.58840001|3400|279.00003|2|1|1|7|2|9|"2"
"1227"|3|1|3|3|1|"Huánuco-Quisqui"|TRUE|"2"|"4"|FALSE|FALSE|9|33|1|25|3|6.5|45000|11160|2|2|1|0|0|0|"3"
"1229"|5|2|5|3|1|"Huánuco-Quisqui"|FALSE|"2"|"1"|FALSE|FALSE|4|60|0|44|1|2.1471|9000|2325|3|3|1|0|0|0|"2"
"1235"|4|3|4|3|1|"Huánuco-Quisqui"|FALSE|"1"|"1"|FALSE|FALSE|4|48|0|44|1|1|242|0|1|1|2|0|0|0|"2"
"1238"|2|2|2|2|1|"Huánuco-Quisqui"|FALSE|"1"|"1"|FALSE|FALSE|4|40|0|43|1|0.2942|560|89.900002|2|2|2|5|0|5|"2"
"1240"|2|1|2|2|1|"Huánuco-Quisqui"|FALSE|"1"|"2"|FALSE|FALSE|7|37|2|35|1|10|1515|0|1|1|5|0|0|0|"2"
"1241"|3|1|3|1|1|"Huánuco-Quisqui"|TRUE|"1"|"3"|FALSE|FALSE|3|35|0|35|2|31.471001|3450|434|4|3|3|4|1|5|"3"
"1242"|9|2|9|5|1|"Huánuco-Quisqui"|FALSE|"0"|"1"|FALSE|TRUE|5|56|0|49|2|4.2941999|21487.5|7630.6499|4|4|1|0|4|4|"2"
"1243"|5|2|5|2|1|"Huánuco-Quisqui"|FALSE|"1"|"1"|FALSE|FALSE|4|54|0|47|1|5|16956|3371.2502|3|3|6|7|3|10|"2"
"1245"|3|1|3|2|1|"Huánuco-Quisqui"|FALSE|"1"|"2"|TRUE|FALSE|5|43|1|41|2|1.5|3025|0.62|2|1|4|0|0|0|"2"
"1247"|3|2|3|2|1|"Huánuco-Quisqui"|FALSE|"2"|"3"|FALSE|TRUE|5|35|1|30|2|0.88260001|1050|93|2|2|1|0|2|2|"1"
"1248"|9|2|9|3|1|"Huánuco-Quisqui"|FALSE|"1"|"1"|FALSE|TRUE|10|43|2|42|2|3.5883999|3085|410.75|3|2|5|3|1|4|"2"
"1250"|2|2|2|1|1|"Huánuco-Quisqui"|TRUE|"1"|"1"|FALSE|FALSE|4|59|2|24|1|9.2941999|999|0|4|2|2|16|2|18|"2"
"1256"|4|4|4|3|1|"Huánuco-Quisqui"|FALSE|"1"|"1"|FALSE|FALSE|5|43|1|43|1|2.5|16550|2356|2|2|4|6|1|7|"2"
"1258"|11|2|11|1|3|"Huánuco-Quisqui"|TRUE|"2"|"2"|FALSE|FALSE|5|39|1|39|1|0.58840001|2250|1209|1|1|1|0|0|0|"3"
"1259"|6|2|6|2|2|"Huánuco-Quisqui"|FALSE|"2"|"0"|FALSE|FALSE|9|49|2|47|1|10|3983|383.935|3|1|10|6|0|6|"2"
"1260"|2|1|2|4|1|"Huánuco-Quisqui"|FALSE|"1"|"0"|TRUE|FALSE|5|71|0|39|1|5|0|0|1|1|0|3|0|3|"2"
"1261"|8|3|8|3|1|"Huánuco-Quisqui"|FALSE|"1"|"3"|FALSE|FALSE|6|48|0|48|2|0.58840001|825|609.15002|1|1|3|2|0|2|"2"
"1262"|8|3|8|3|1|"Huánuco-Quisqui"|FALSE|"0"|"1"|FALSE|FALSE|6|47|0|43|1|7|5215.5|1727.9399|2|2|5|6|0|6|"2"
"1263"|5|2|5|3|1|"Huánuco-Quisqui"|FALSE|"1"|"1"|FALSE|FALSE|6|41|2|44|1|2|5800|1178|1|1|3|6|0|8|"2"
"1265"|4|2|4|1|1|"Huánuco-Quisqui"|FALSE|"1"|"3"|FALSE|FALSE|5|43|0|37|1|5|750|0|2|2|1|0|2|2|"2"
"1266"|1|3|1|1|1|"Huánuco-Quisqui"|FALSE|"1"|"2"|FALSE|FALSE|3|50|0|49|1|1.471|2300|46.5|5|5|3|3|0|3|"2"
"1268"|4|2|4|1|1|"Huánuco-Quisqui"|FALSE|"1"|"1"|TRUE|TRUE|4|27|1|24|3|1|3750|581.25|2|1|1|7|0|7|"1"
"1273"|7|2|7|2|1|"Huánuco-Quisqui"|FALSE|"1"|"0"|FALSE|FALSE|4|30|1|37|1|0.58840001|7500|1488|1|1|1|11|1|12|"2"
"1274"|7|2|7|2|1|"Huánuco-Quisqui"|FALSE|"1"|"3"|FALSE|FALSE|4|32|2|22|1|1|3200|759.5|1|1|2|9|0|9|"2"
"1275"|7|2|7|4|1|"Huánuco-Quisqui"|FALSE|"2"|"1"|FALSE|FALSE|2|39|0|49|2|5|7585|453.065|2|2|7|5|0|5|"2"
"1283"|1|1|1|2|1|"Amarilis"|FALSE|"1"|"4"|FALSE|TRUE|5|47|2|47|2|0.2942|0|0|1|1|1|3|1|4|"1"
"1285"|1|2|1|2|3|"Amarilis"|FALSE|"1"|"4"|FALSE|TRUE|8|45|1|42|2|4|2500|0|1|1|3|10|9|23|"1"
"1295"|3|5|3|3|1|"Amarilis"|FALSE|"2"|"2"|FALSE|TRUE|8|47|1|41|2|4|2450|465|2|2|2|3|2|5|"3"
"1296"|1|1|1|1|1|"Amarilis"|FALSE|"1"|"3"|FALSE|TRUE|4|32|1|29|2|2|11550|2697|2|2|2|0|2|2|"1"
"1297"|4|1|4|1|1|"Amarilis"|FALSE|"1"|"2"|FALSE|FALSE|3|47|0|38|2|1|1550|341|1|1|3|12|0|12|"2"
"1298"|5|1|5|3|1|"Amarilis"|FALSE|"1"|"1"|FALSE|FALSE|5|31|1|39|1|5.5|1205|32.549999|2|2|3|0|2|2|"1"
"1302"|1|1|1|1|1|"Amarilis"|FALSE|"1"|"2"|FALSE|FALSE|4|40|1|40|1|2|1500|186|1|1|1|0|0|0|"1"
"1303"|1|1|1|1|1|"Amarilis"|FALSE|"3"|"1"|FALSE|TRUE|7|42|1|41|3|6|9850|488.25|2|2|4|5|2|7|"1"
"1305"|1|3|1|1|1|"Amarilis"|FALSE|"1"|"0"|FALSE|FALSE|4|55|0|42|1|2.2941999|250|0|2|2|1|0|0|0|"1"
"1306"|1|2|1|1|5|"Amarilis"|FALSE|"1"|"1"|FALSE|TRUE|5|44|2|36|2|2.3536|830|148.8|2|2|3|0|0|0|"1"
"1307"|4|2|4|3|1|"Amarilis"|FALSE|"1"|"2"|FALSE|FALSE|5|42|0|42|1|1.7652|688|100.43999|1|1|2|9|3|14|"2"
"1313"|1|1|1|2|1|"Amarilis"|FALSE|"1"|"3"|FALSE|TRUE|6|40|0|40|2|4|2200|62|2|2|3|5|5|10|"1"
"1326"|7|1|7|3|1|"Amarilis"|TRUE|"1"|"2"|FALSE|TRUE|5|37|1|37|1|0.029999999|0|0|1|1|0|1|4|6|"1"
"1332"|1|1|1|1|1|"Amarilis"|FALSE|"0"|"4"|FALSE|TRUE|7|52|1|30|3|0.5|230|23.25|2|2|2|0|8|8|"1"
"1333"|2|2|2|1|1|"Amarilis"|FALSE|"1"|"4"|TRUE|TRUE|5|31|1|32|3|0.58840001|400|80.599998|1|1|2|0|0|0|"1"
"1334"|2|2|2|2|1|"Amarilis"|FALSE|"2"|"0"|FALSE|FALSE|6|48|1|47|2|0.2942|310|0|1|1|2|4|0|4|"1"
"1335"|3|2|3|3|1|"Amarilis"|FALSE|"1"|"0"|FALSE|TRUE|6|62|1|44|2|0.1471|0|0|1|1|0|9|0|11|"1"
"1339"|1|1|1|1|1|"Amarilis"|FALSE|"2"|"1"|FALSE|FALSE|8|63|2|38|1|0.2942|225|27.9|1|1|1|0|5|5|"1"
"1345"|1|1|1|1|1|"Amarilis"|FALSE|"1"|"4"|FALSE|TRUE|7|68|3|24|2|0.0099999998|2.0999999|0|1|1|1|9|3|14|"1"
"1366"|2|1|2|1|1|"Amarilis"|FALSE|"2"|"1"|FALSE|FALSE|6|36|1|32|1|0.58840001|1800|310|2|2|1|0|0|0|"1"
"1367"|1|1|1|2|1|"Amarilis"|FALSE|"1"|"3"|FALSE|TRUE|10|45|3|19|2|0.5|46|0|1|1|1|6|10|16|"1"
"1368"|2|1|2|4|1|"Amarilis"|TRUE|"1"|"0"|FALSE|TRUE|6|39|1|39|2|4|0|0|1|1|0|3|5|8|"1"
"1369"|1|1|1|1|1|"Amarilis"|FALSE|"0"|"2"|FALSE|FALSE|3|30|0|25|2|1|770|0|1|1|3|7|3|10|"1"
"1370"|2|2|2|3|1|"Amarilis"|FALSE|"1"|"4"|FALSE|FALSE|3|25|1|19|1|0.88260001|1800|279.31|1|1|2|0|2|2|"1"
"1374"|1|1|1|1|1|"Amarilis"|FALSE|"1"|"0"|FALSE|TRUE|3|45|0|42|2|0.58840001|1525|0|2|2|5|3|4|7|"1"
"1378"|3|2|3|3|8|"Amarilis"|FALSE|"2"|"1"|FALSE|FALSE|5|39|1|28|1|1.5|0|0|1|1|0|3|1|4|"1"
"1380"|3|1|3|3|2|"Amarilis"|FALSE|"1"|"2"|TRUE|TRUE|4|56|0|26|3|0.3125|350|279|2|1|2|6|0|6|"1"
"1393"|3|1|3|3|1|"Amarilis"|FALSE|"3"|"1"|FALSE|FALSE|6|45|2|26|1|1|241|0|1|1|2|0|1|1|"1"
"1394"|2|2|2|3|3|"Amarilis"|FALSE|"1"|"1"|FALSE|TRUE|5|52|1|41|2|1.5884|564.20001|0|2|1|3|0|0|0|"1"
"1401"|1|1|1|1|1|"Amarilis"|FALSE|"1"|"4"|FALSE|TRUE|4|62|0|20|2|1.0076001|3134.25|716.09998|3|3|6|8|1|10|"1"
"1405"|3|3|3|3|1|"Amarilis"|FALSE|"1"|"1"|FALSE|TRUE|4|38|0|38|2|2.5|7133|581.25|2|2|3|5|0|5|"1"
"1408"|2|3|2|1|2|"Amarilis"|FALSE|"1"|"2"|FALSE|TRUE|3|50|0|35|2|0.2942|4000|173.60001|2|2|5|4|2|8|"1"
"1413"|2|3|2|1|1|"Amarilis"|TRUE|"3"|"3"|FALSE|FALSE|5|54|0|18|1|0.4413|200|0|3|3|1|3|3|6|"1"
"1416"|3|3|3|3|1|"Amarilis"|FALSE|"1"|"0"|FALSE|FALSE|4|41|1|36|1|0.875|7630|1350.05|3|3|8|5|0|5|"1"
"1419"|1|1|1|1|1|"Amarilis"|FALSE|"1"|"0"|FALSE|TRUE|5|35|1|36|2|1.471|740|0|2|1|3|1|0|1|"1"
"1420"|2|2|2|2|1|"Amarilis"|FALSE|"2"|"4"|FALSE|TRUE|6|76|2|22|2|0.2942|450|65.099998|1|1|2|5|4|9|"1"
"1422"|1|2|1|1|1|"Amarilis"|FALSE|"3"|"2"|FALSE|FALSE|3|31|0|40|2|0.2942|600|0|1|1|1|0|4|4|"1"
"1428"|6|3|6|4|1|"Amarilis"|FALSE|"1"|"1"|FALSE|TRUE|6|48|2|49|2|2.2652001|837|301.28082|5|5|4|5|3|8|"2"
"1429"|1|1|1|4|1|"Amarilis"|FALSE|"0"|"4"|FALSE|TRUE|3|26|0|22|3|0.58840001|475|104.625|1|1|3|0|0|0|"1"
"1430"|4|2|4|2|1|"Amarilis"|TRUE|"2"|"1"|TRUE|TRUE|5|42|0|42|2|7.5883999|5115|325.5|4|4|6|9|1|12|"1"
"1432"|2|2|2|2|1|"Amarilis"|FALSE|"1"|"3"|FALSE|TRUE|5|52|0|28|3|0.625|900|0|3|3|2|0|0|0|"1"
"1435"|1|1|1|1|1|"Amarilis"|FALSE|"0"|"4"|FALSE|FALSE|5|36|1|29|1|1.925|10850|2071.575|4|4|3|4|0|4|"1"
"1439"|3|1|3|2|1|"Amarilis"|FALSE|"1"|"0"|FALSE|FALSE|7|60|0|35|2|0.58840001|1100|69.75|1|1|4|4|0|4|"1"
"1440"|6|2|6|3|1|"Amarilis"|FALSE|"1"|"4"|FALSE|TRUE|6|39|1|39|4|1|1850|0|1|1|4|5|0|5|"1"
"1444"|1|1|1|1|1|"Amarilis"|FALSE|"1"|"4"|FALSE|TRUE|6|56|0|26|3|0.2942|660|124|1|1|3|6|0|6|"1"
"1445"|6|3|6|3|1|"Amarilis"|TRUE|"2"|"1"|FALSE|TRUE|4|41|0|41|3|2|5650|1168.7|1|1|3|7|0|7|"1"
"1449"|2|2|2|1|2|"Amarilis"|FALSE|"2"|"3"|FALSE|TRUE|4|33|1|28|2|0.2942|500|0|1|1|2|2|0|2|"1"
"1451"|1|1|1|1|1|"Amarilis"|FALSE|"1"|"1"|FALSE|FALSE|7|35|1|38|2|0.2942|0|0|1|1|1|2|4|6|"1"
"1454"|2|2|2|1|1|"Amarilis"|FALSE|"0"|"4"|FALSE|TRUE|5|29|1|36|2|1|1750|899|4|3|2|8|3|13|"1"
"1456"|2|1|2|3|1|"Amarilis"|TRUE|"2"|"1"|FALSE|TRUE|3|30|0|30|3|1|1900|77.5|1|1|4|0|2|2|"1"
"1470"|1|1|1|1|1|"Amarilis"|TRUE|"1"|"4"|TRUE|FALSE|6|55|1|22|4|0.58840001|5400|434|1|1|3|3|0|3|"3"
"1471"|4|3|4|2|1|"Amarilis"|FALSE|"1"|"4"|FALSE|FALSE|5|50|1|23|2|0.73549998|8800|868|2|2|3|0|0|0|"1"
"1482"|2|2|2|1|1|"Amarilis"|FALSE|"1"|"1"|FALSE|FALSE|6|48|2|41|2|1.2941999|250|0|2|2|2|7|3|11|"1"
"1486"|2|1|2|1|1|"Amarilis"|FALSE|"2"|"2"|FALSE|TRUE|5|47|0|41|2|1.3239|5350|1302|3|3|4|6|10|16|"3"
"1490"|1|1|1|1|1|"Amarilis"|FALSE|"1"|"2"|FALSE|FALSE|3|42|0|39|1|0.88260001|6660|589|1|1|3|0|1|1|"1"
"1497"|1|1|1|1|1|"Amarilis"|FALSE|"1"|"2"|TRUE|TRUE|6|46|0|44|2|0.25|0|0|1|1|0|7|0|7|"1"
"1498"|2|1|2|1|1|"Amarilis"|FALSE|"1"|"1"|FALSE|TRUE|7|41|0|39|2|14.8|24164|6572|2|2|6|5|2|7|"1"
"1500"|1|1|1|1|1|"Amarilis"|TRUE|"1"|"2"|FALSE|FALSE|1|45|0|45|1|0.2942|50|0|1|1|1|0|1|1|"1"
"1510"|1|1|1|2|1|"Amarilis"|FALSE|"1"|"4"|FALSE|FALSE|7|57|1|22|1|6|2500|0|1|1|3|3|1|4|"1"
"1523"|1|1|1|1|1|"Amarilis"|FALSE|"1"|"3"|FALSE|FALSE|4|50|0|43|1|1.2941999|3081.8|325.5|2|1|4|0|2|2|"1"
"1528"|2|1|2|1|1|"Amarilis"|FALSE|"0"|"4"|FALSE|FALSE|7|60|1|23|1|4|0|0|2|2|0|0|0|0|"1"
"1531"|2|1|2|2|1|"Amarilis"|FALSE|"2"|"1"|FALSE|FALSE|3|40|0|38|2|1.1768|5400|34.875|2|2|3|0|0|0|"1"
"1533"|2|2|2|2|1|"Amarilis"|FALSE|"3"|"3"|FALSE|FALSE|5|31|0|28|2|0.5|625|49.599998|1|1|2|0|1|1|"1"
"1534"|2|1|2|1|2|"Amarilis"|FALSE|"2"|"1"|FALSE|TRUE|3|30|0|27|2|0.1471|112.5|0|1|1|1|0|0|0|"1"
"1539"|1|1|1|1|1|"Amarilis"|FALSE|"0"|"0"|TRUE|TRUE|7|66|2|39|3|2.2941999|3400|682|2|2|3|13|1|18|"1"
"1541"|1|2|1|1|1|"Amarilis"|FALSE|"1"|"0"|FALSE|TRUE|3|45|0|40|2|3.0891001|800|173.60001|6|6|2|1|1|2|"1"
"1543"|1|1|1|2|1|"Amarilis"|FALSE|"2"|"1"|FALSE|FALSE|7|38|1|34|1|0.58840001|2360|697.5|1|1|3|0|0|0|"1"
"1544"|2|1|2|1|1|"Amarilis"|FALSE|"1"|"1"|FALSE|TRUE|5|42|2|37|2|0.1471|350|0|1|1|1|0|0|0|"1"
"1546"|1|1|1|2|1|"Amarilis"|FALSE|"1"|"1"|FALSE|TRUE|5|52|1|29|2|1.1768|1650|196.85001|3|2|3|0|1|1|"1"
"1549"|1|1|1|1|1|"Amarilis"|FALSE|"0"|"0"|FALSE|FALSE|2|42|0|42|2|2.0594001|2900|1007.5|4|4|2|4|1|5|"1"
"1551"|1|1|1|1|1|"Amarilis"|TRUE|"1"|"0"|FALSE|TRUE|5|43|1|43|2|0.96340001|2975|301.63|3|3|4|4|1|5|"1"
"1552"|5|3|5|1|2|"Amarilis"|FALSE|"2"|"4"|FALSE|FALSE|3|27|0|23|1|4|10500|2673.75|1|1|1|3|0|3|"1"
"1554"|8|5|8|1|1|"Amarilis"|TRUE|"1"|"1"|TRUE|FALSE|1|40|0|40|1|0.125|300|0|1|1|3|0|1|1|"3"
"1555"|1|1|1|1|1|"Amarilis"|FALSE|"2"|"1"|FALSE|FALSE|14|59|1|29|1|0.875|2700|0|2|2|3|3|1|4|"1"
"1556"|5|7|5|3|1|"Amarilis"|FALSE|"2"|"1"|TRUE|FALSE|7|38|2|34|1|0.58840001|850|0|1|1|2|0|0|0|"3"
"1558"|2|2|2|4|1|"Amarilis"|FALSE|"1"|"0"|FALSE|FALSE|6|45|2|37|1|0.73549998|814|0|2|1|3|0|0|0|"1"
"1559"|1|1|1|1|1|"Amarilis"|FALSE|"2"|"1"|FALSE|FALSE|5|46|0|44|2|0.58840001|1400|297.60001|2|2|1|0|1|1|"1"
"1560"|7|3|6|1|1|"Amarilis"|TRUE|"1"|"2"|FALSE|TRUE|9|61|1|27|1|0.5|1004|0|1|1|4|4|1|5|"1"
"1562"|4|2|4|1|1|"Amarilis"|FALSE|"2"|"3"|FALSE|FALSE|4|25|2|21|1|1|1700|116.25|2|2|4|0|0|0|"3"
"1563"|4|4|4|2|1|"Amarilis"|FALSE|"1"|"0"|FALSE|TRUE|6|34|1|34|2|0.125|550|0|1|1|3|0|0|0|"1"
"1564"|7|2|6|3|1|"Amarilis"|FALSE|"0"|"1"|FALSE|FALSE|7|30|2|30|1|0.58840001|8350|383.625|2|2|2|2|0|2|"1"
"1565"|4|3|4|2|4|"Amarilis"|FALSE|"1"|"2"|FALSE|TRUE|5|47|1|38|3|1|2320|1271|1|1|4|0|0|0|"1"
"1566"|1|1|1|1|1|"Amarilis"|FALSE|"3"|"0"|FALSE|FALSE|5|45|0|45|1|26|28500|2602.45|1|1|3|1|0|1|"1"
"1567"|1|1|1|1|1|"Amarilis"|FALSE|"3"|"1"|FALSE|FALSE|4|68|0|32|2|0.2942|1500|49.599998|1|1|1|2|0|2|"1"
"1570"|3|1|3|2|1|"Amarilis"|FALSE|"1"|"1"|TRUE|TRUE|6|39|2|35|2|1.471|1850|465|3|2|3|4|0|4|"1"
"1571"|3|3|3|3|1|"Amarilis"|FALSE|"2"|"0"|FALSE|FALSE|6|51|1|41|2|0.88260001|3750|1046.25|1|1|1|0|0|0|"1"
"1576"|2|1|2|1|1|"Amarilis"|FALSE|"1"|"1"|FALSE|TRUE|2|48|0|39|2|7.4710002|6375|785.84998|4|4|1|7|0|7|"1"
"1577"|4|1|4|3|1|"Amarilis"|FALSE|"1"|"1"|TRUE|TRUE|9|56|1|30|3|1.7652|3900|767.25|2|2|2|3|0|3|"1"
"1595"|10|4|10|3|4|"Molino-Umari"|FALSE|"1"|"1"|FALSE|FALSE|7|42|1|37|1|20|13875|4882.5|2|2|1|0|0|0|"3"
"1600"|3|1|3|1|3|"Molino-Umari"|FALSE|"1"|"1"|TRUE|FALSE|4|37|0|35|1|1.5884|16500|1457|2|2|2|9|4|13|"3"
"1601"|6|2|6|1|1|"Molino-Umari"|FALSE|"2"|"4"|FALSE|TRUE|7|53|1|26|2|0.375|3375|372|1|1|1|12|0|12|"1"
"1603"|7|2|5|1|1|"Molino-Umari"|TRUE|"1"|"1"|FALSE|TRUE|5|26|1|26|2|6|31125|7130|2|2|6|2|1|3|"3"
"1606"|1|2|1|1|1|"Molino-Umari"|FALSE|"2"|"0"|FALSE|FALSE|3|72|0|38|1|0.2942|1000|1240|1|1|1|0|1|1|"3"
"1612"|7|1|7|3|1|"Molino-Umari"|TRUE|"1"|"4"|FALSE|TRUE|7|57|2|25|3|1|670|0|1|1|3|11|1|14|"3"
"1614"|5|2|5|3|1|"Molino-Umari"|FALSE|"1"|"1"|FALSE|FALSE|5|36|1|32|1|1.0297|17250|930|2|2|1|7|3|10|"3"
"1615"|1|1|1|1|1|"Molino-Umari"|TRUE|"1"|"2"|FALSE|TRUE|4|20|1|20|2|0.58840001|1480|0|2|2|4|0|0|0|"3"
"1619"|2|1|2|1|1|"Molino-Umari"|FALSE|"1"|"1"|FALSE|FALSE|6|33|1|33|2|1|3420|174.375|1|1|5|9|0|11|"3"
"1620"|2|3|2|1|1|"Molino-Umari"|FALSE|"1"|"1"|FALSE|TRUE|3|23|1|21|2|1.955|19850|2325|2|2|4|10|5|15|"1"
"1621"|2|2|2|1|1|"Molino-Umari"|FALSE|"1"|"0"|FALSE|FALSE|5|40|2|39|1|0.71340001|950|74.400002|2|2|3|7|5|12|"3"
"1622"|3|2|3|1|4|"Molino-Umari"|FALSE|"1"|"1"|TRUE|FALSE|7|54|0|48|2|1.0076001|2627|0|2|2|4|7|4|11|"3"
"1626"|1|3|1|1|1|"Molino-Umari"|FALSE|"1"|"1"|FALSE|FALSE|6|40|1|37|1|1.5884|1700|589|2|2|4|7|4|11|"3"
"1627"|1|2|1|1|1|"Molino-Umari"|TRUE|"1"|"1"|FALSE|FALSE|2|39|1|39|1|0.2942|330|0|2|2|3|6|4|10|"3"
"1629"|3|3|3|3|1|"Molino-Umari"|FALSE|"1"|"1"|FALSE|FALSE|5|26|1|29|1|3.5|2360|0|3|3|4|4|3|7|"3"
"1630"|2|3|2|1|2|"Molino-Umari"|FALSE|"1"|"1"|FALSE|FALSE|6|32|0|31|1|1.25|1775|134.85001|2|1|4|11|7|19|"3"
"1633"|3|2|3|2|1|"Molino-Umari"|FALSE|"0"|"1"|FALSE|FALSE|5|40|1|34|1|0.73549998|3193|116.25|2|2|3|6|1|7|"3"
"1635"|6|2|6|3|1|"Molino-Umari"|FALSE|"0"|"1"|FALSE|FALSE|5|43|0|29|1|0.58840001|1520|0|1|1|3|6|4|10|"3"
"1636"|2|2|2|2|1|"Molino-Umari"|FALSE|"2"|"1"|FALSE|TRUE|6|49|1|39|1|0.88260001|300|124|2|2|1|0|2|2|"3"
"1647"|2|2|2|2|1|"Molino-Umari"|TRUE|"2"|"3"|TRUE|TRUE|3|23|0|23|1|0.25|0|0|1|1|0|8|5|13|"3"
"1648"|2|2|2|1|1|"Molino-Umari"|FALSE|"1"|"1"|FALSE|FALSE|4|31|1|30|1|1.9123|46500|6184.5|4|4|2|7|1|8|"3"
"1650"|2|2|2|2|6|"Molino-Umari"|FALSE|"1"|"0"|FALSE|FALSE|4|27|1|22|1|0.88260001|6180|744|2|2|2|3|0|3|"3"
"1651"|6|2|6|3|1|"Molino-Umari"|FALSE|"1"|"2"|FALSE|FALSE|6|35|1|30|1|10|5594.7998|658.75|1|1|3|0|0|0|"3"
"1652"|8|2|8|3|1|"Molino-Umari"|TRUE|"1"|"0"|FALSE|FALSE|6|34|2|34|1|0.2942|218.39999|56.543999|1|1|2|0|1|1|"3"
"1657"|2|1|2|2|1|"Molino-Umari"|FALSE|"1"|"1"|FALSE|FALSE|5|41|1|42|1|1.1768|5250|348.75|1|1|1|3|5|8|"3"
"1660"|4|2|4|2|1|"Molino-Umari"|TRUE|"3"|"1"|FALSE|TRUE|5|61|0|39|3|1|26|0|1|1|3|3|4|7|"3"
"1661"|2|3|2|1|5|"Molino-Umari"|FALSE|"1"|"3"|FALSE|FALSE|2|26|0|25|1|1.2941999|1281.5601|0|2|2|4|0|0|0|"3"
"1667"|6|2|6|3|1|"Molino-Umari"|TRUE|"1"|"1"|FALSE|FALSE|5|28|1|28|2|1.1768|15000|1674|1|1|1|7|2|9|"3"
"1684"|1|1|1|1|1|"Molino-Umari"|TRUE|"3"|"1"|FALSE|FALSE|4|33|1|33|1|0.2942|0|0|1|1|0|3|0|3|"3"
"1687"|2|2|2|1|1|"Molino-Umari"|FALSE|"1"|"0"|FALSE|FALSE|6|46|0|40|2|1.125|362|0|2|2|3|0|6|6|"3"
"1688"|2|2|2|1|1|"Molino-Umari"|TRUE|"1"|"0"|FALSE|TRUE|3|40|0|40|3|0.125|344|0|1|1|4|0|5|5|"3"
"1690"|1|1|1|1|1|"Molino-Umari"|TRUE|"2"|"1"|FALSE|TRUE|6|62|1|34|1|0.25|160|0|1|1|2|6|7|13|"3"
"1694"|3|2|3|1|1|"Molino-Umari"|FALSE|"2"|"1"|FALSE|FALSE|4|32|1|28|1|0.2942|3155|0|1|1|3|7|3|10|"3"
"1695"|2|2|1|1|1|"Molino-Umari"|FALSE|"2"|"0"|FALSE|TRUE|3|73|0|46|1|0.125|0|0|1|1|0|7|2|9|"3"
"1696"|9|2|9|3|1|"Molino-Umari"|FALSE|"3"|"2"|FALSE|TRUE|4|25|2|20|2|2.3536|10830|2812.3201|3|2|3|0|2|2|"3"
"1697"|4|5|4|3|1|"Molino-Umari"|FALSE|"1"|"3"|FALSE|FALSE|3|26|0|26|1|0.58840001|2142|279|3|3|5|9|6|15|"3"
"1700"|4|3|4|3|1|"Molino-Umari"|TRUE|"1"|"1"|TRUE|TRUE|6|78|1|44|2|1.1768|1303|0|2|2|6|11|5|18|"3"
"1701"|6|2|6|3|6|"Molino-Umari"|FALSE|"1"|"1"|FALSE|FALSE|5|50|0|48|1|1.471|7731|372|2|2|5|9|5|14|"3"
"1702"|7|2|7|2|6|"Molino-Umari"|FALSE|"1"|"0"|FALSE|FALSE|4|29|1|30|1|1.0297|13500|2232|3|2|1|6|6|12|"3"
"1703"|1|2|1|1|1|"Molino-Umari"|FALSE|"1"|"1"|FALSE|FALSE|5|26|2|24|1|0.73549998|325|0|3|3|2|7|9|16|"3"
"1705"|2|1|2|1|1|"Molino-Umari"|FALSE|"0"|"1"|FALSE|FALSE|9|60|2|20|3|1.1768|7425|1046.25|2|2|1|4|0|4|"3"
"1706"|3|3|3|3|1|"Molino-Umari"|TRUE|"2"|"1"|FALSE|FALSE|4|34|1|34|1|0.2942|1500|69.750008|2|2|1|7|5|12|"3"
"1707"|2|1|1|1|4|"Molino-Umari"|TRUE|"1"|"1"|FALSE|FALSE|3|26|0|26|2|0.88260001|4875|581.25|2|2|1|0|1|1|"3"
"1710"|3|2|3|1|1|"Molino-Umari"|FALSE|"1"|"1"|FALSE|FALSE|4|56|0|45|2|0.2942|3000|0|1|1|3|0|4|4|"3"
"1711"|3|3|3|1|1|"Molino-Umari"|FALSE|"1"|"1"|FALSE|TRUE|4|31|0|26|2|0.75|6375|651|2|2|2|3|2|5|"1"
"1712"|4|2|4|4|7|"Molino-Umari"|TRUE|"3"|"1"|TRUE|FALSE|4|41|1|41|1|0.58840001|1028.3999|0|1|1|4|5|2|7|"3"
"1716"|3|1|3|3|1|"Molino-Umari"|FALSE|"2"|"0"|FALSE|TRUE|7|45|3|41|2|1.1768|704|0|2|2|3|4|0|4|"3"
"1718"|6|3|6|3|3|"Molino-Umari"|FALSE|"1"|"3"|TRUE|TRUE|6|61|1|24|2|0.875|200|0|3|3|1|9|2|13|"3"
"1719"|5|1|5|1|7|"Molino-Umari"|TRUE|"1"|"0"|FALSE|FALSE|7|42|0|42|1|5.5883999|9175|662.625|2|1|2|0|0|0|"3"
"1721"|2|3|2|1|1|"Molino-Umari"|FALSE|"2"|"1"|FALSE|FALSE|6|47|1|27|1|0.1471|4500|348.75|1|1|1|0|3|3|"3"
"1722"|2|1|2|1|1|"Molino-Umari"|FALSE|"1"|"1"|TRUE|FALSE|5|54|0|24|1|1.2941999|2410|232.5|2|2|3|12|3|16|"3"
"1723"|3|2|3|3|1|"Molino-Umari"|FALSE|"2"|"1"|FALSE|FALSE|4|30|1|28|1|0.4413|422|0|2|2|3|0|3|3|"3"
"1724"|2|1|2|1|1|"Molino-Umari"|FALSE|"1"|"1"|FALSE|FALSE|5|30|1|26|1|0.125|482|0|1|1|3|0|1|1|"3"
"1727"|1|1|1|1|1|"Molino-Umari"|FALSE|"1"|"1"|FALSE|FALSE|6|56|0|45|2|0.88260001|2685|34.875004|2|2|5|15|5|20|"3"
"1728"|4|2|4|3|1|"Molino-Umari"|TRUE|"2"|"0"|FALSE|FALSE|4|40|0|40|1|1.471|13450|558.00006|2|2|5|4|4|10|"3"
"1733"|6|2|6|2|1|"Molino-Umari"|FALSE|"1"|"2"|FALSE|FALSE|2|28|0|31|1|2.9419999|24750|2418|3|3|1|4|4|8|"3"
"1734"|3|2|3|1|1|"Molino-Umari"|FALSE|"0"|"1"|FALSE|TRUE|6|56|1|42|2|1.3239|12645|697.5|2|2|4|1|4|5|"3"
"1736"|1|1|1|1|1|"Molino-Umari"|TRUE|"1"|"1"|TRUE|FALSE|2|40|0|40|1|0|0|0|1|1|0|10|3|13|"3"
"1738"|3|1|3|1|1|"Molino-Umari"|FALSE|"0"|"3"|FALSE|FALSE|4|29|1|28|2|0.2942|1350|0|1|1|3|0|0|0|"3"
"1740"|4|3|4|4|1|"Molino-Umari"|FALSE|"1"|"1"|FALSE|FALSE|3|26|1|23|1|2.0297|22723.6|2202.9375|4|4|6|8|3|11|"3"
"1743"|1|1|1|2|1|"Molino-Umari"|FALSE|"1"|"1"|FALSE|FALSE|6|23|2|21|1|0.58840001|3925|403|3|3|4|4|2|6|"3"
"1746"|2|2|2|3|1|"Molino-Umari"|FALSE|"2"|"1"|FALSE|TRUE|6|47|0|47|2|0.88260001|5595|427.79999|3|3|4|7|3|10|"3"
"1747"|7|2|7|3|1|"Molino-Umari"|FALSE|"1"|"1"|FALSE|FALSE|8|53|1|46|1|4|19650|2022.75|2|2|3|5|5|14|"3"
"1749"|3|2|3|1|1|"Molino-Umari"|FALSE|"1"|"4"|FALSE|FALSE|3|24|1|24|1|1.7652|8550|4770.8999|1|1|1|0|1|1|"3"
"1750"|1|2|1|1|2|"Molino-Umari"|FALSE|"2"|"2"|FALSE|FALSE|8|28|1|26|2|0.58840001|525|0|1|1|2|5|2|7|"3"
"1752"|4|5|4|3|3|"Molino-Umari"|FALSE|"1"|"1"|FALSE|FALSE|5|34|1|35|1|0.73549998|3765|209.25|3|3|4|5|1|6|"3"
"1756"|2|2|2|1|1|"Molino-Umari"|FALSE|"1"|"2"|FALSE|TRUE|3|34|1|27|2|1.1768|24300|2487.75|3|3|2|3|0|3|"3"
"1757"|5|1|5|4|5|"Molino-Umari"|FALSE|"1"|"0"|FALSE|FALSE|5|54|0|47|1|1.1768|1120|0|2|2|4|9|3|12|"3"
"1759"|7|3|7|3|6|"Molino-Umari"|FALSE|"1"|"0"|FALSE|FALSE|5|38|0|45|1|0.88260001|2036.9|209.25|2|2|5|8|1|9|"3"
"1760"|6|3|6|2|8|"Molino-Umari"|TRUE|"1"|"2"|FALSE|FALSE|4|38|1|38|1|0.2942|263.10001|0|1|1|3|6|1|7|"3"
"1761"|1|1|1|1|1|"Molino-Umari"|TRUE|"1"|"1"|FALSE|FALSE|5|38|0|38|3|1.1768|3365|232.5|2|2|4|5|9|14|"3"
"1762"|2|2|2|1|1|"Molino-Umari"|FALSE|"1"|"2"|FALSE|FALSE|5|36|1|30|1|0.2942|750|0|1|1|2|4|0|4|"3"
"1763"|2|1|2|3|1|"Molino-Umari"|FALSE|"1"|"1"|FALSE|FALSE|4|32|1|29|1|0.2942|500|155|1|1|1|2|0|2|"3"
"1765"|2|1|2|1|1|"Molino-Umari"|FALSE|"1"|"1"|TRUE|TRUE|4|31|1|28|3|0.5442|6875|770.34998|3|3|3|0|0|0|"1"
"1768"|4|2|4|1|3|"Molino-Umari"|FALSE|"1"|"1"|FALSE|TRUE|4|36|0|24|2|2.5|3000|1208.9999|2|2|2|3|0|3|"1"
"1771"|4|2|4|2|1|"Molino-Umari"|FALSE|"1"|"1"|FALSE|TRUE|3|52|0|46|2|1|3000|1208.9999|1|1|1|2|1|5|"1"
"1774"|1|1|1|1|1|"Molino-Umari"|TRUE|"1"|"2"|TRUE|TRUE|4|67|1|42|3|0.58840001|0|0|1|1|0|8|1|9|"3"
"1776"|2|1|2|1|1|"Molino-Umari"|FALSE|"0"|"1"|FALSE|TRUE|2|37|0|37|2|0.58840001|660|0|1|1|2|0|0|0|"1"
"1778"|2|3|2|1|1|"Molino-Umari"|FALSE|"2"|"0"|FALSE|FALSE|6|50|0|43|1|1.1768|2250|0|1|1|1|9|5|14|"3"
"1779"|2|2|2|2|1|"Molino-Umari"|TRUE|"2"|"1"|FALSE|FALSE|3|30|1|30|1|0.2942|900|0|1|1|3|0|0|0|"3"
"1780"|2|2|2|1|1|"Molino-Umari"|FALSE|"0"|"1"|FALSE|FALSE|6|37|1|39|1|2|2600|418.5|2|2|2|9|4|13|"3"
"1781"|3|2|3|3|1|"Molino-Umari"|FALSE|"1"|"1"|FALSE|TRUE|5|40|1|36|2|0.58840001|0|0|1|1|0|3|2|5|"1"
"1783"|4|1|4|1|1|"Molino-Umari"|FALSE|"1"|"1"|FALSE|FALSE|5|30|1|28|2|0.2942|6075|279|1|1|1|0|0|0|"3"
"1786"|9|2|9|2|2|"Molino-Umari"|FALSE|"2"|"1"|FALSE|FALSE|6|52|1|44|2|1.471|5584|279|2|2|7|5|2|7|"2"
"1787"|8|2|8|3|1|"Molino-Umari"|FALSE|"0"|"1"|FALSE|FALSE|5|36|0|35|1|0.88260001|5625|930|1|1|1|10|5|16|"3"
"1788"|7|2|7|3|1|"Molino-Umari"|TRUE|"3"|"0"|FALSE|FALSE|7|44|1|44|1|1.1768|545.59998|0|3|2|2|8|1|9|"3"
"1794"|1|2|1|1|1|"Molino-Umari"|FALSE|"1"|"1"|FALSE|FALSE|10|64|0|36|2|1.3239|1300|0|3|2|1|0|4|4|"3"
"1795"|3|1|3|1|4|"Molino-Umari"|FALSE|"2"|"0"|FALSE|FALSE|4|28|0|27|1|1.75|2950|223.2|3|2|2|0|3|3|"3"
"1799"|8|2|8|3|6|"Molino-Umari"|FALSE|"2"|"0"|FALSE|FALSE|5|42|0|41|1|1.5|2925|186|1|1|3|7|6|15|"3"
"1800"|5|3|5|2|1|"Molino-Umari"|FALSE|"1"|"1"|FALSE|FALSE|5|35|1|35|2|1.1768|7900|2170|3|3|1|0|6|6|"3"
"1803"|5|7|5|3|1|"Molino-Umari"|TRUE|"1"|"1"|FALSE|FALSE|4|48|1|48|1|0.58840001|73|0|2|2|3|4|5|11|"3"
"1805"|5|2|5|1|1|"Molino-Umari"|FALSE|"2"|"1"|TRUE|FALSE|6|27|2|25|1|0.2942|1400|0|1|1|2|0|0|0|"3"
"1806"|1|1|1|1|1|"Molino-Umari"|FALSE|"1"|"1"|FALSE|FALSE|6|51|0|42|1|1.625|13175|1503.5|4|4|5|0|5|5|"3"
"1807"|8|4|8|3|5|"Molino-Umari"|FALSE|"2"|"1"|FALSE|FALSE|5|52|0|38|1|3.5304499|27650|2511|4|3|3|7|4|13|"3"
"1808"|9|2|9|3|1|"Molino-Umari"|FALSE|"1"|"0"|FALSE|FALSE|6|35|2|33|1|2.0594001|10500|2511|3|3|1|7|0|7|"3"
"1811"|7|5|7|2|4|"Molino-Umari"|FALSE|"2"|"1"|FALSE|FALSE|6|32|1|28|1|1.75|12750|1674|3|3|1|10|0|10|"3"
"1815"|9|2|9|3|1|"Molino-Umari"|FALSE|"2"|"1"|FALSE|FALSE|4|24|2|24|1|2.3536|0|0|4|4|0|7|0|7|"3"
"1816"|2|2|2|1|1|"Molino-Umari"|FALSE|"1"|"1"|FALSE|FALSE|4|23|1|28|1|7.1767998|3750|744|3|3|1|3|0|3|"3"
"1817"|4|1|4|1|1|"Molino-Umari"|FALSE|"1"|"1"|FALSE|TRUE|6|32|0|28|2|2.2941999|2250|1046.25|2|1|1|0|0|0|"1"
"1818"|5|2|5|1|1|"Molino-Umari"|FALSE|"2"|"1"|FALSE|FALSE|6|31|1|30|1|0.88260001|12225|2650.5|3|3|1|4|0|4|"3"
"1819"|5|1|5|1|1|"Molino-Umari"|FALSE|"1"|"1"|FALSE|FALSE|4|25|2|26|1|1|0|0|1|1|0|8|0|8|"3"
"1820"|6|2|6|2|1|"Molino-Umari"|FALSE|"2"|"1"|FALSE|FALSE|5|33|0|30|1|0.88260001|0|0|2|1|0|2|0|2|"3"
"1822"|3|4|3|1|1|"Molino-Umari"|FALSE|"1"|"2"|FALSE|FALSE|4|30|1|24|1|16|37500|4650|3|2|1|4|0|4|"3"
"1825"|1|1|1|2|1|"Molino-Umari"|FALSE|"1"|"0"|TRUE|FALSE|5|29|2|24|1|48|1780|244.125|1|1|3|0|0|0|"3"
"1827"|4|2|4|1|2|"Molino-Umari"|FALSE|"1"|"1"|FALSE|TRUE|4|31|1|24|3|1.5884|12500|2418|2|2|2|3|0|3|"1"
"1828"|5|3|5|2|1|"Molino-Umari"|FALSE|"2"|"2"|FALSE|FALSE|11|67|1|26|2|5|6000|1302|2|2|1|6|0|6|"3"
"1830"|4|2|4|2|1|"Molino-Umari"|FALSE|"1"|"1"|FALSE|FALSE|6|32|1|26|1|2.3536|5750|279.00003|2|2|1|1|2|3|"3"
"1831"|6|3|6|3|1|"Molino-Umari"|FALSE|"1"|"1"|FALSE|FALSE|7|30|1|35|1|1.25|3750|523.125|2|2|1|2|0|2|"3"
"1832"|4|3|4|2|1|"Molino-Umari"|FALSE|"1"|"2"|FALSE|FALSE|3|26|1|18|1|0.88260001|3375|651|1|1|1|0|0|0|"3"
"1833"|5|1|5|1|3|"Molino-Umari"|FALSE|"1"|"1"|FALSE|FALSE|6|31|2|26|1|2|1650|248|1|1|1|10|0|10|"3"
"1839"|5|2|5|2|1|"Molino-Umari"|FALSE|"2"|"0"|FALSE|TRUE|5|73|1|32|3|0.88260001|3505|31|1|1|5|6|4|12|"1"
"1840"|8|2|8|2|1|"Molino-Umari"|FALSE|"1"|"2"|FALSE|TRUE|4|33|1|34|2|0.2942|5010|0|1|1|5|9|0|9|"3"
"1845"|1|2|1|1|1|"Molino-Umari"|FALSE|"2"|"1"|FALSE|FALSE|5|51|1|39|1|0.88260001|9000|1860|3|3|1|6|1|9|"3"
"1846"|2|2|2|1|1|"Molino-Umari"|FALSE|"2"|"0"|FALSE|FALSE|7|50|1|41|1|0.88260001|7180|620|2|2|3|6|1|7|"3"
"1847"|3|2|3|1|1|"Molino-Umari"|FALSE|"2"|"0"|FALSE|FALSE|9|49|4|45|1|1.471|1950|0|4|4|2|3|4|7|"3"
"1848"|6|2|6|3|1|"Molino-Umari"|FALSE|"0"|"1"|FALSE|FALSE|7|39|1|39|2|1.5884|1200|186|2|2|1|9|2|11|"3"
"1849"|4|2|4|1|1|"Molino-Umari"|FALSE|"2"|"2"|FALSE|FALSE|4|24|2|19|2|2|5100|523.125|2|2|3|3|1|6|"3"
"1853"|2|2|2|1|1|"Molino-Umari"|FALSE|"1"|"1"|FALSE|FALSE|4|34|1|26|2|0.88260001|17250|2092.5|2|2|1|4|0|4|"3"
"1854"|5|2|5|1|5|"Molino-Umari"|FALSE|"1"|"3"|FALSE|FALSE|5|57|0|20|1|1.1768|6300|465|3|1|1|4|1|5|"3"
"1855"|10|3|10|3|2|"Molino-Umari"|FALSE|"1"|"0"|FALSE|FALSE|7|41|0|30|1|1.5|1925|46.5|1|1|2|6|3|11|"3"
"1856"|6|2|6|3|4|"Molino-Umari"|FALSE|"1"|"0"|FALSE|FALSE|4|49|0|39|1|2.0883999|7875|930|2|2|1|5|3|8|"3"
"1858"|5|3|5|1|1|"Molino-Umari"|FALSE|"1"|"1"|FALSE|FALSE|5|65|0|20|1|0.25|790|0|1|1|3|6|2|8|"3"
"1859"|1|1|1|1|1|"Molino-Umari"|FALSE|"1"|"1"|FALSE|FALSE|5|27|1|26|3|0.88260001|5400|930|3|3|2|7|0|7|"3"
"1862"|3|2|3|1|1|"Molino-Umari"|FALSE|"0"|"0"|FALSE|FALSE|6|46|0|43|2|0.88260001|4180|601.40002|2|2|3|10|0|10|"3"
"1863"|2|2|2|2|1|"Molino-Umari"|FALSE|"0"|"1"|FALSE|FALSE|4|44|0|43|2|0.88260001|5100|744|2|2|2|6|0|6|"3"
"1867"|6|1|6|2|1|"Huánuco-Quisqui"|TRUE|"1"|"1"|FALSE|FALSE|5|34|1|34|2|2|1212.8|10.601999|1|1|4|13|0|13|"3"
"1868"|4|2|4|2|1|"Huánuco-Quisqui"|FALSE|"1"|"3"|FALSE|FALSE|5|38|0|34|2|1|800|37.200001|1|1|3|13|0|13|"2"
"1871"|3|2|3|3|1|"Huánuco-Quisqui"|FALSE|"1"|"1"|FALSE|FALSE|3|31|0|31|1|2|6315|930|2|2|4|0|4|4|"2"
"1872"|4|2|4|1|1|"Huánuco-Quisqui"|FALSE|"1"|"3"|FALSE|FALSE|4|30|1|22|1|0.58840001|3750|465|1|1|1|2|1|3|"2"
"1877"|2|2|2|3|1|"Huánuco-Quisqui"|FALSE|"1"|"2"|FALSE|FALSE|3|48|0|46|1|4|2645|217|1|1|5|7|3|10|"2"
"1878"|3|4|3|4|1|"Huánuco-Quisqui"|TRUE|"1"|"2"|TRUE|FALSE|4|50|0|26|2|1.0297|280|31|3|3|2|0|1|1|"3"
"1879"|4|3|4|3|1|"Huánuco-Quisqui"|FALSE|"1"|"1"|FALSE|FALSE|4|40|1|32|1|3|16100|2092.5|3|3|4|9|5|14|"2"
"1881"|4|2|4|3|1|"Huánuco-Quisqui"|FALSE|"2"|"1"|FALSE|FALSE|4|70|1|35|1|1.471|90|0|2|1|1|2|3|5|"2"
"1882"|1|1|1|1|1|"Huánuco-Quisqui"|FALSE|"1"|"1"|FALSE|FALSE|5|57|1|32|1|1.1768|7600|1999.5|2|2|3|7|4|11|"2"
"1884"|8|4|7|1|5|"Huánuco-Quisqui"|FALSE|"1"|"1"|FALSE|FALSE|5|77|2|34|2|4|5490|3695.2|1|1|4|9|3|14|"2"
"1886"|3|2|3|3|1|"Huánuco-Quisqui"|TRUE|"2"|"1"|FALSE|FALSE|3|42|0|42|1|9|0|0|2|2|0|7|1|8|"3"
"1888"|3|2|3|1|1|"Huánuco-Quisqui"|FALSE|"1"|"0"|FALSE|TRUE|2|50|0|45|2|1.8826001|1620|1424.76|2|1|2|8|2|10|"2"
"1889"|2|2|2|1|1|"Huánuco-Quisqui"|FALSE|"0"|"3"|FALSE|FALSE|4|63|0|49|2|0.25|950|341|1|1|3|0|0|0|"2"
"1892"|2|2|2|3|1|"Huánuco-Quisqui"|FALSE|"1"|"4"|FALSE|FALSE|3|25|1|25|1|3|2520|15.5|1|1|3|3|2|5|"1"
"1894"|2|2|2|1|1|"Molino-Umari"|FALSE|"1"|"1"|FALSE|FALSE|5|54|0|48|1|2.0594001|1410.4|116.25|3|3|5|5|1|6|"3"
"1895"|3|1|3|1|1|"Molino-Umari"|FALSE|"0"|"4"|FALSE|TRUE|5|38|2|21|2|0.5|3425|0|1|1|5|11|2|17|"1"
"1896"|3|1|3|3|2|"Molino-Umari"|FALSE|"1"|"1"|FALSE|FALSE|8|40|1|41|1|2.5|9415|962.54999|2|2|6|5|1|6|"3"
"1898"|2|3|2|3|1|"Molino-Umari"|FALSE|"2"|"2"|FALSE|FALSE|12|64|1|39|1|1.1768|2290|0|1|1|3|4|4|8|"3"
"1899"|1|2|1|1|1|"Molino-Umari"|FALSE|"2"|"2"|FALSE|FALSE|9|43|0|42|1|1.471|11500|1548.45|3|3|5|7|6|13|"3"
"1900"|2|2|2|1|1|"Molino-Umari"|FALSE|"1"|"1"|FALSE|TRUE|3|44|0|44|3|0.58840001|1685|0|2|2|2|6|0|6|"1"
"1902"|2|1|2|2|1|"Molino-Umari"|FALSE|"1"|"3"|TRUE|FALSE|4|75|0|38|2|0.88260001|1500|220.875|1|1|1|0|3|3|"3"
"1904"|2|2|2|1|2|"Molino-Umari"|FALSE|"1"|"2"|TRUE|FALSE|4|34|0|29|1|0.5|5625|314.95999|2|2|3|0|1|1|"3"
"1908"|1|1|1|1|1|"Molino-Umari"|FALSE|"1"|"3"|FALSE|FALSE|3|24|1|20|2|0.2942|450|58.125|1|1|1|3|4|7|"3"
"1909"|2|1|2|1|1|"Molino-Umari"|FALSE|"1"|"1"|FALSE|FALSE|5|41|2|38|1|0|0|0|1|1|0|8|0|10|"3"
"1914"|2|1|2|1|1|"Molino-Umari"|FALSE|"1"|"3"|FALSE|TRUE|4|45|0|42|2|0.5|850|108.5|2|2|2|10|4|14|"1"
"1917"|7|2|7|2|1|"Molino-Umari"|FALSE|"1"|"1"|FALSE|FALSE|5|50|0|48|2|0.73549998|13600|1077.25|2|2|5|7|1|10|"3"
"1918"|2|2|2|1|6|"Molino-Umari"|FALSE|"1"|"2"|FALSE|TRUE|2|29|0|22|2|0.88260001|6095|838.54999|3|3|3|0|0|0|"3"
"1919"|2|2|2|1|1|"Molino-Umari"|TRUE|"1"|"2"|FALSE|FALSE|2|42|0|42|1|0.73549998|9600|930|1|1|2|5|2|8|"3"
"1927"|4|2|4|2|1|"Molino-Umari"|FALSE|"2"|"1"|FALSE|FALSE|6|32|2|30|1|0.2942|330|0|1|1|3|5|0|5|"3"
"1933"|7|2|7|1|1|"Molino-Umari"|FALSE|"2"|"1"|FALSE|FALSE|9|46|2|43|1|1|800|232.5|1|1|2|8|5|13|"3"
"1938"|2|1|2|1|1|"Molino-Umari"|FALSE|"1"|"2"|FALSE|FALSE|6|39|0|40|1|0.2942|800|1550|1|1|2|0|0|0|"3"
"1944"|10|3|10|4|6|"Molino-Umari"|FALSE|"1"|"1"|FALSE|FALSE|2|48|0|43|1|0.4413|2300|627.75|2|1|2|3|1|4|"3"
"1949"|2|3|2|3|2|"Molino-Umari"|FALSE|"1"|"0"|FALSE|FALSE|4|48|1|48|1|0.4413|1030|0|2|2|3|11|9|20|"3"
"1950"|1|6|1|1|1|"Molino-Umari"|FALSE|"1"|"0"|FALSE|TRUE|4|34|0|30|2|0.22065|3750|209.25|2|2|1|6|4|12|"1"
"1951"|6|2|6|3|4|"Molino-Umari"|FALSE|"1"|"1"|FALSE|FALSE|5|39|0|40|1|4|7425|688.20001|2|2|6|10|9|21|"3"
"1952"|4|2|4|1|1|"Molino-Umari"|FALSE|"2"|"1"|TRUE|TRUE|4|44|1|43|2|0.375|4000|244.12502|2|2|2|9|4|13|"3"
"1953"|4|7|4|3|1|"Molino-Umari"|FALSE|"1"|"1"|FALSE|FALSE|3|26|1|23|1|0.4413|9750|1162.5|2|2|1|6|4|10|"3"
"1957"|3|2|3|3|6|"Molino-Umari"|FALSE|"1"|"1"|FALSE|FALSE|8|38|2|29|1|0.4413|566.5|0|2|2|4|9|0|9|"3"
"1958"|10|3|10|3|6|"Molino-Umari"|TRUE|"1"|"1"|FALSE|FALSE|5|37|0|37|1|0.58840001|11250|910.625|2|2|4|7|1|8|"3"
"1960"|6|2|6|3|1|"Molino-Umari"|FALSE|"1"|"1"|FALSE|FALSE|4|42|1|38|1|0.58840001|7500|744|1|1|1|6|3|9|"3"
"1961"|8|2|8|1|1|"Molino-Umari"|FALSE|"1"|"1"|FALSE|FALSE|5|43|2|43|1|0.4413|3140|279|1|1|3|7|4|11|"3"
"1965"|8|4|8|3|1|"Molino-Umari"|TRUE|"1"|"1"|TRUE|TRUE|3|27|0|27|3|0|0|0|1|1|0|11|0|11|"3"
"1968"|2|1|2|1|1|"Molino-Umari"|FALSE|"1"|"1"|FALSE|TRUE|2|31|0|32|2|0.125|515|0|1|1|3|0|0|0|"1"
"1995"|1|1|1|1|1|"Huánuco-Quisqui"|TRUE|"1"|"2"|FALSE|FALSE|8|42|2|42|2|2|8500|3224|1|1|5|7|10|17|"3"
